Marker	Cutpoint	FPR	TPR
mayoscore4	-Inf	1	1
mayoscore4	3.739683	1	1
mayoscore4	3.805526	0.9947	1
mayoscore4	3.858815	0.9947	0.992
mayoscore4	3.871076	0.9893	0.992
mayoscore4	3.907847	0.984	0.992
mayoscore4	3.968578	0.9786	0.992
mayoscore4	4.044457	0.9733	0.992
mayoscore4	4.054643	0.9679	0.992
mayoscore4	4.088147	0.9626	0.992
mayoscore4	4.183795	0.9572	0.992
mayoscore4	4.188587	0.9572	0.984
mayoscore4	4.199528	0.9519	0.984
mayoscore4	4.199825	0.9465	0.984
mayoscore4	4.274491	0.9412	0.984
mayoscore4	4.279572	0.9358	0.984
mayoscore4	4.298204	0.9305	0.984
mayoscore4	4.333196	0.9251	0.984
mayoscore4	4.350258	0.9251	0.976
mayoscore4	4.358501	0.9198	0.976
mayoscore4	4.415307	0.9144	0.976
mayoscore4	4.417621	0.9144	0.968
mayoscore4	4.424337	0.9091	0.968
mayoscore4	4.449613	0.9037	0.968
mayoscore4	4.452077	0.8984	0.968
mayoscore4	4.454766	0.893	0.968
mayoscore4	4.460475	0.8877	0.968
mayoscore4	4.463722	0.8824	0.968
mayoscore4	4.466428	0.877	0.968
mayoscore4	4.477684	0.8717	0.968
mayoscore4	4.477854	0.8663	0.968
mayoscore4	4.50288	0.861	0.968
mayoscore4	4.510457	0.8556	0.968
mayoscore4	4.54379	0.8503	0.968
mayoscore4	4.549713	0.8449	0.968
mayoscore4	4.563985	0.8449	0.96
mayoscore4	4.570431	0.8396	0.96
mayoscore4	4.585802	0.8342	0.96
mayoscore4	4.587556	0.8289	0.96
mayoscore4	4.603813	0.8235	0.96
mayoscore4	4.618374	0.8182	0.96
mayoscore4	4.625789	0.8182	0.952
mayoscore4	4.645611	0.8128	0.952
mayoscore4	4.665199	0.8075	0.952
mayoscore4	4.684394	0.8021	0.952
mayoscore4	4.69447	0.7968	0.952
mayoscore4	4.696182	0.7914	0.952
mayoscore4	4.709061	0.7861	0.952
mayoscore4	4.733497	0.7807	0.952
mayoscore4	4.747581	0.7754	0.952
mayoscore4	4.759425	0.7754	0.944
mayoscore4	4.76858	0.7701	0.944
mayoscore4	4.776789	0.7647	0.944
mayoscore4	4.787085	0.7594	0.944
mayoscore4	4.794544	0.7594	0.936
mayoscore4	4.800101	0.754	0.936
mayoscore4	4.809425	0.7487	0.936
mayoscore4	4.812744	0.7433	0.936
mayoscore4	4.815086	0.738	0.936
mayoscore4	4.820417	0.7326	0.936
mayoscore4	4.824621	0.7273	0.936
mayoscore4	4.838459	0.7219	0.936
mayoscore4	4.858091	0.7166	0.936
mayoscore4	4.873631	0.7112	0.936
mayoscore4	4.89614	0.7059	0.936
mayoscore4	4.905756	0.7005	0.936
mayoscore4	4.906405	0.6952	0.936
mayoscore4	4.921055	0.6898	0.936
mayoscore4	4.935087	0.6845	0.936
mayoscore4	4.939381	0.6791	0.936
mayoscore4	4.944269	0.6738	0.936
mayoscore4	4.955635	0.6684	0.936
mayoscore4	4.968767	0.6631	0.936
mayoscore4	4.973897	0.6578	0.936
mayoscore4	4.978389	0.6524	0.936
mayoscore4	4.98453	0.6524	0.928
mayoscore4	4.997769	0.6471	0.928
mayoscore4	5.013991	0.6417	0.928
mayoscore4	5.021219	0.6364	0.928
mayoscore4	5.024876	0.631	0.928
mayoscore4	5.035367	0.6257	0.928
mayoscore4	5.044443	0.6203	0.928
mayoscore4	5.048465	0.615	0.928
mayoscore4	5.04988	0.6096	0.928
mayoscore4	5.056494	0.6043	0.928
mayoscore4	5.057415	0.5989	0.928
mayoscore4	5.060709	0.5936	0.928
mayoscore4	5.079256	0.5936	0.92
mayoscore4	5.082702	0.5882	0.92
mayoscore4	5.088728	0.5829	0.92
mayoscore4	5.094656	0.5775	0.92
mayoscore4	5.122639	0.5722	0.92
mayoscore4	5.151403	0.5668	0.92
mayoscore4	5.152486	0.5615	0.92
mayoscore4	5.153733	0.5561	0.92
mayoscore4	5.15383	0.5508	0.92
mayoscore4	5.174509	0.5455	0.92
mayoscore4	5.179248	0.5401	0.92
mayoscore4	5.187298	0.5348	0.92
mayoscore4	5.192589	0.5294	0.92
mayoscore4	5.194262	0.5241	0.92
mayoscore4	5.198138	0.5187	0.92
mayoscore4	5.210559	0.5134	0.92
mayoscore4	5.211438	0.508	0.92
mayoscore4	5.217114	0.5027	0.92
mayoscore4	5.24089	0.4973	0.92
mayoscore4	5.24397	0.492	0.92
mayoscore4	5.244361	0.4866	0.92
mayoscore4	5.250274	0.4813	0.92
mayoscore4	5.253234	0.4759	0.92
mayoscore4	5.263053	0.4706	0.92
mayoscore4	5.276221	0.4706	0.912
mayoscore4	5.285402	0.4706	0.904
mayoscore4	5.291132	0.4706	0.896
mayoscore4	5.296983	0.4652	0.896
mayoscore4	5.301232	0.4599	0.896
mayoscore4	5.336512	0.4545	0.896
mayoscore4	5.338057	0.4492	0.896
mayoscore4	5.342585	0.4439	0.896
mayoscore4	5.345299	0.4385	0.896
mayoscore4	5.352469	0.4385	0.888
mayoscore4	5.374627	0.4385	0.88
mayoscore4	5.384844	0.4332	0.88
mayoscore4	5.38725	0.4278	0.88
mayoscore4	5.404054	0.4225	0.88
mayoscore4	5.405124	0.4171	0.88
mayoscore4	5.40977	0.4118	0.88
mayoscore4	5.419207	0.4064	0.88
mayoscore4	5.432451	0.4011	0.88
mayoscore4	5.446378	0.3957	0.88
mayoscore4	5.446907	0.3904	0.88
mayoscore4	5.48452	0.385	0.88
mayoscore4	5.492126	0.385	0.872
mayoscore4	5.500901	0.3797	0.872
mayoscore4	5.504943	0.3797	0.864
mayoscore4	5.53137	0.3797	0.856
mayoscore4	5.554536	0.3743	0.856
mayoscore4	5.595215	0.3743	0.848
mayoscore4	5.615564	0.3743	0.84
mayoscore4	5.617561	0.369	0.84
mayoscore4	5.625131	0.3636	0.84
mayoscore4	5.627429	0.3583	0.84
mayoscore4	5.63582	0.3529	0.84
mayoscore4	5.636356	0.3476	0.84
mayoscore4	5.64381	0.3422	0.84
mayoscore4	5.653431	0.3369	0.84
mayoscore4	5.667506	0.3316	0.84
mayoscore4	5.673584	0.3316	0.832
mayoscore4	5.6754	0.3262	0.832
mayoscore4	5.677492	0.3209	0.832
mayoscore4	5.692413	0.3155	0.832
mayoscore4	5.70563	0.3102	0.832
mayoscore4	5.716485	0.3102	0.824
mayoscore4	5.733207	0.3048	0.824
mayoscore4	5.734385	0.3048	0.816
mayoscore4	5.736311	0.2995	0.816
mayoscore4	5.737195	0.2941	0.816
mayoscore4	5.770881	0.2888	0.816
mayoscore4	5.785057	0.2834	0.816
mayoscore4	5.796873	0.2781	0.816
mayoscore4	5.825965	0.2727	0.816
mayoscore4	5.829147	0.2674	0.816
mayoscore4	5.835419	0.2674	0.808
mayoscore4	5.839501	0.2674	0.8
mayoscore4	5.856629	0.262	0.8
mayoscore4	5.876773	0.2567	0.8
mayoscore4	5.886568	0.2513	0.8
mayoscore4	5.892237	0.2513	0.792
mayoscore4	5.89511	0.2513	0.784
mayoscore4	5.912375	0.246	0.784
mayoscore4	5.921876	0.246	0.776
mayoscore4	5.940999	0.2406	0.776
mayoscore4	5.946738	0.2353	0.776
mayoscore4	5.952829	0.2299	0.776
mayoscore4	5.985225	0.2246	0.776
mayoscore4	5.992978	0.2193	0.776
mayoscore4	6.003572	0.2139	0.776
mayoscore4	6.009625	0.2086	0.776
mayoscore4	6.024348	0.2086	0.768
mayoscore4	6.024862	0.2032	0.768
mayoscore4	6.031944	0.1979	0.768
mayoscore4	6.048985	0.1979	0.76
mayoscore4	6.081006	0.1979	0.752
mayoscore4	6.089051	0.1925	0.752
mayoscore4	6.093062	0.1872	0.752
mayoscore4	6.115321	0.1818	0.752
mayoscore4	6.131155	0.1765	0.752
mayoscore4	6.154038	0.1765	0.744
mayoscore4	6.155704	0.1765	0.736
mayoscore4	6.164295	0.1711	0.736
mayoscore4	6.177468	0.1658	0.736
mayoscore4	6.218119	0.1658	0.728
mayoscore4	6.225668	0.1604	0.728
mayoscore4	6.236765	0.1551	0.728
mayoscore4	6.240924	0.1551	0.72
mayoscore4	6.263485	0.1497	0.72
mayoscore4	6.273571	0.1497	0.712
mayoscore4	6.295965	0.1497	0.704
mayoscore4	6.305972	0.1444	0.704
mayoscore4	6.308209	0.139	0.704
mayoscore4	6.315969	0.1337	0.704
mayoscore4	6.317543	0.1337	0.696
mayoscore4	6.341171	0.1337	0.688
mayoscore4	6.353175	0.1283	0.688
mayoscore4	6.356919	0.1283	0.68
mayoscore4	6.389959	0.123	0.68
mayoscore4	6.399995	0.123	0.672
mayoscore4	6.400022	0.1176	0.672
mayoscore4	6.40424	0.1176	0.664
mayoscore4	6.410536	0.1123	0.664
mayoscore4	6.430736	0.107	0.664
mayoscore4	6.449684	0.1016	0.664
mayoscore4	6.454076	0.1016	0.656
mayoscore4	6.480616	0.1016	0.648
mayoscore4	6.539139	0.1016	0.64
mayoscore4	6.574177	0.1016	0.632
mayoscore4	6.579745	0.1016	0.624
mayoscore4	6.603679	0.0963	0.624
mayoscore4	6.607912	0.0909	0.624
mayoscore4	6.627459	0.0856	0.624
mayoscore4	6.628106	0.0802	0.624
mayoscore4	6.633279	0.0802	0.616
mayoscore4	6.690772	0.0802	0.608
mayoscore4	6.741037	0.0802	0.6
mayoscore4	6.767166	0.0802	0.592
mayoscore4	6.771754	0.0802	0.584
mayoscore4	6.840671	0.0802	0.576
mayoscore4	6.846413	0.0749	0.576
mayoscore4	6.893346	0.0749	0.568
mayoscore4	6.896079	0.0695	0.568
mayoscore4	6.896229	0.0695	0.56
mayoscore4	6.898438	0.0642	0.56
mayoscore4	6.907029	0.0642	0.552
mayoscore4	6.911414	0.0588	0.552
mayoscore4	6.928357	0.0535	0.552
mayoscore4	6.977643	0.0535	0.544
mayoscore4	6.99364	0.0535	0.536
mayoscore4	7.026596	0.0535	0.528
mayoscore4	7.03701	0.0535	0.52
mayoscore4	7.061827	0.0481	0.52
mayoscore4	7.075634	0.0481	0.512
mayoscore4	7.081864	0.0481	0.504
mayoscore4	7.084814	0.0428	0.504
mayoscore4	7.117287	0.0374	0.504
mayoscore4	7.120498	0.0374	0.496
mayoscore4	7.151252	0.0374	0.488
mayoscore4	7.160126	0.0374	0.48
mayoscore4	7.174617	0.0374	0.472
mayoscore4	7.179506	0.0374	0.464
mayoscore4	7.242278	0.0374	0.456
mayoscore4	7.248557	0.0321	0.456
mayoscore4	7.274988	0.0321	0.448
mayoscore4	7.304953	0.0321	0.44
mayoscore4	7.337671	0.0267	0.44
mayoscore4	7.33942	0.0267	0.432
mayoscore4	7.346235	0.0214	0.432
mayoscore4	7.356552	0.0214	0.424
mayoscore4	7.380012	0.0214	0.416
mayoscore4	7.386987	0.0214	0.408
mayoscore4	7.397637	0.0214	0.4
mayoscore4	7.405828	0.0214	0.392
mayoscore4	7.440567	0.0214	0.384
mayoscore4	7.453125	0.0214	0.376
mayoscore4	7.477271	0.0214	0.368
mayoscore4	7.492635	0.0214	0.36
mayoscore4	7.511961	0.0214	0.352
mayoscore4	7.528126	0.0214	0.344
mayoscore4	7.563349	0.0214	0.336
mayoscore4	7.604266	0.0214	0.328
mayoscore4	7.644316	0.0214	0.32
mayoscore4	7.657621	0.0214	0.312
mayoscore4	7.674884	0.0214	0.304
mayoscore4	7.710589	0.0214	0.296
mayoscore4	7.768696	0.0214	0.288
mayoscore4	7.827573	0.0214	0.28
mayoscore4	7.863638	0.016	0.28
mayoscore4	7.992615	0.016	0.272
mayoscore4	8.019711	0.0107	0.272
mayoscore4	8.043365	0.0107	0.264
mayoscore4	8.047527	0.0107	0.256
mayoscore4	8.117699	0.0107	0.248
mayoscore4	8.167032	0.0107	0.24
mayoscore4	8.242476	0.0107	0.232
mayoscore4	8.265719	0.0107	0.224
mayoscore4	8.327676	0.0107	0.216
mayoscore4	8.377517	0.0107	0.208
mayoscore4	8.379493	0.0107	0.2
mayoscore4	8.434773	0.0107	0.192
mayoscore4	8.437104	0.0107	0.184
mayoscore4	8.514075	0.0107	0.176
mayoscore4	8.762995	0.0107	0.168
mayoscore4	8.776444	0.0107	0.16
mayoscore4	8.812888	0.0053	0.16
mayoscore4	8.860265	0.0053	0.152
mayoscore4	8.876895	0.0053	0.144
mayoscore4	8.935472	0.0053	0.136
mayoscore4	9.001781	0.0053	0.128
mayoscore4	9.226429	0.0053	0.12
mayoscore4	9.282751	0.0053	0.112
mayoscore4	9.318556	0.0053	0.104
mayoscore4	9.334955	0.0053	0.096
mayoscore4	9.442583	0	0.096
mayoscore4	9.473292	0	0.088
mayoscore4	9.5252	0	0.08
mayoscore4	9.617877	0	0.072
mayoscore4	9.676763	0	0.064
mayoscore4	9.770148	0	0.056
mayoscore4	9.808545	0	0.048
mayoscore4	10.09574	0	0.04
mayoscore4	10.13607	0	0.032
mayoscore4	10.15143	0	0.024
mayoscore4	10.18915	0	0.016
mayoscore4	11.25185	0	0.008
mayoscore4	Inf	0	0
mayoscore5	-Inf	1	1
mayoscore5	4.580701	1	1
mayoscore5	4.899601	0.9947	1
mayoscore5	4.925669	0.9947	0.992
mayoscore5	4.931682	0.9893	0.992
mayoscore5	4.945841	0.984	0.992
mayoscore5	4.971558	0.984	0.984
mayoscore5	4.983721	0.9786	0.984
mayoscore5	5.059366	0.9733	0.984
mayoscore5	5.091475	0.9679	0.984
mayoscore5	5.194977	0.9626	0.984
mayoscore5	5.199988	0.9572	0.984
mayoscore5	5.203702	0.9519	0.984
mayoscore5	5.252879	0.9519	0.976
mayoscore5	5.263707	0.9465	0.976
mayoscore5	5.306102	0.9412	0.976
mayoscore5	5.311072	0.9358	0.976
mayoscore5	5.326507	0.9305	0.976
mayoscore5	5.329482	0.9305	0.968
mayoscore5	5.340803	0.9251	0.968
mayoscore5	5.345451	0.9198	0.968
mayoscore5	5.364638	0.9144	0.968
mayoscore5	5.367694	0.9091	0.968
mayoscore5	5.369789	0.9037	0.968
mayoscore5	5.393163	0.8984	0.968
mayoscore5	5.406505	0.893	0.968
mayoscore5	5.410716	0.8877	0.968
mayoscore5	5.419854	0.8824	0.968
mayoscore5	5.426636	0.877	0.968
mayoscore5	5.428421	0.8717	0.968
mayoscore5	5.440975	0.8663	0.968
mayoscore5	5.451315	0.8663	0.96
mayoscore5	5.458508	0.861	0.96
mayoscore5	5.462252	0.8556	0.96
mayoscore5	5.483575	0.8503	0.96
mayoscore5	5.489519	0.8449	0.96
mayoscore5	5.505486	0.8396	0.96
mayoscore5	5.510641	0.8342	0.96
mayoscore5	5.527492	0.8289	0.96
mayoscore5	5.535629	0.8235	0.96
mayoscore5	5.544238	0.8182	0.96
mayoscore5	5.54539	0.8128	0.96
mayoscore5	5.558921	0.8075	0.96
mayoscore5	5.582405	0.8021	0.96
mayoscore5	5.59066	0.7968	0.96
mayoscore5	5.600904	0.7914	0.96
mayoscore5	5.605394	0.7861	0.96
mayoscore5	5.616991	0.7861	0.952
mayoscore5	5.617086	0.7807	0.952
mayoscore5	5.620891	0.7807	0.944
mayoscore5	5.643381	0.7754	0.944
mayoscore5	5.646185	0.7701	0.944
mayoscore5	5.651803	0.7647	0.944
mayoscore5	5.659705	0.7647	0.936
mayoscore5	5.660741	0.7594	0.936
mayoscore5	5.67809	0.754	0.936
mayoscore5	5.684525	0.7487	0.936
mayoscore5	5.689341	0.7433	0.936
mayoscore5	5.697814	0.738	0.936
mayoscore5	5.706383	0.7326	0.936
mayoscore5	5.706579	0.7326	0.928
mayoscore5	5.70914	0.7273	0.928
mayoscore5	5.712087	0.7219	0.928
mayoscore5	5.71521	0.7166	0.928
mayoscore5	5.717118	0.7112	0.928
mayoscore5	5.733485	0.7059	0.928
mayoscore5	5.743347	0.7005	0.928
mayoscore5	5.744416	0.6952	0.928
mayoscore5	5.750121	0.6898	0.928
mayoscore5	5.756277	0.6845	0.928
mayoscore5	5.76325	0.6791	0.928
mayoscore5	5.784675	0.6791	0.92
mayoscore5	5.786716	0.6738	0.92
mayoscore5	5.787825	0.6684	0.92
mayoscore5	5.80688	0.6631	0.92
mayoscore5	5.815207	0.6578	0.92
mayoscore5	5.826583	0.6524	0.92
mayoscore5	5.82724	0.6524	0.912
mayoscore5	5.834911	0.6524	0.904
mayoscore5	5.844698	0.6471	0.904
mayoscore5	5.858605	0.6417	0.904
mayoscore5	5.86693	0.6364	0.904
mayoscore5	5.870985	0.631	0.904
mayoscore5	5.87964	0.6257	0.904
mayoscore5	5.890806	0.6203	0.904
mayoscore5	5.892091	0.615	0.904
mayoscore5	5.91596	0.6096	0.904
mayoscore5	5.918171	0.6096	0.896
mayoscore5	5.922323	0.6096	0.888
mayoscore5	5.930245	0.6096	0.88
mayoscore5	5.956779	0.6096	0.872
mayoscore5	5.962232	0.6096	0.864
mayoscore5	5.968196	0.6043	0.864
mayoscore5	5.97143	0.5989	0.864
mayoscore5	5.972907	0.5989	0.856
mayoscore5	5.979157	0.5936	0.856
mayoscore5	5.981836	0.5882	0.856
mayoscore5	5.986356	0.5829	0.856
mayoscore5	5.990057	0.5775	0.856
mayoscore5	5.997761	0.5722	0.856
mayoscore5	6.010921	0.5668	0.856
mayoscore5	6.022706	0.5615	0.856
mayoscore5	6.02815	0.5561	0.856
mayoscore5	6.030228	0.5508	0.856
mayoscore5	6.033529	0.5455	0.856
mayoscore5	6.037422	0.5401	0.856
mayoscore5	6.038223	0.5348	0.856
mayoscore5	6.043243	0.5294	0.856
mayoscore5	6.044177	0.5241	0.856
mayoscore5	6.046371	0.5187	0.856
mayoscore5	6.049391	0.5134	0.856
mayoscore5	6.050159	0.508	0.856
mayoscore5	6.059668	0.5027	0.856
mayoscore5	6.066281	0.4973	0.856
mayoscore5	6.076295	0.492	0.856
mayoscore5	6.076669	0.492	0.848
mayoscore5	6.079711	0.4866	0.848
mayoscore5	6.085947	0.4813	0.848
mayoscore5	6.095713	0.4759	0.848
mayoscore5	6.097959	0.4706	0.848
mayoscore5	6.10205	0.4652	0.848
mayoscore5	6.104907	0.4599	0.848
mayoscore5	6.105639	0.4545	0.848
mayoscore5	6.110317	0.4492	0.848
mayoscore5	6.121458	0.4439	0.848
mayoscore5	6.137597	0.4385	0.848
mayoscore5	6.14062	0.4385	0.84
mayoscore5	6.143216	0.4332	0.84
mayoscore5	6.148442	0.4278	0.84
mayoscore5	6.148775	0.4225	0.84
mayoscore5	6.150526	0.4225	0.832
mayoscore5	6.151655	0.4225	0.824
mayoscore5	6.153317	0.4171	0.824
mayoscore5	6.16506	0.4171	0.816
mayoscore5	6.18523	0.4171	0.808
mayoscore5	6.186886	0.4118	0.808
mayoscore5	6.18848	0.4118	0.8
mayoscore5	6.190427	0.4064	0.8
mayoscore5	6.19178	0.4064	0.792
mayoscore5	6.203917	0.4064	0.784
mayoscore5	6.22647	0.4064	0.776
mayoscore5	6.230998	0.4011	0.776
mayoscore5	6.233128	0.4011	0.768
mayoscore5	6.233421	0.4011	0.76
mayoscore5	6.236155	0.3957	0.76
mayoscore5	6.239242	0.3957	0.752
mayoscore5	6.268111	0.3957	0.744
mayoscore5	6.269527	0.3904	0.744
mayoscore5	6.27805	0.385	0.744
mayoscore5	6.282026	0.3797	0.744
mayoscore5	6.283405	0.3743	0.744
mayoscore5	6.284021	0.3743	0.736
mayoscore5	6.28941	0.369	0.736
mayoscore5	6.289831	0.3636	0.736
mayoscore5	6.305746	0.3636	0.728
mayoscore5	6.308824	0.3636	0.72
mayoscore5	6.309712	0.3583	0.72
mayoscore5	6.314846	0.3529	0.72
mayoscore5	6.319675	0.3476	0.72
mayoscore5	6.320522	0.3476	0.712
mayoscore5	6.323653	0.3476	0.704
mayoscore5	6.326671	0.3422	0.704
mayoscore5	6.327267	0.3422	0.696
mayoscore5	6.331837	0.3422	0.688
mayoscore5	6.347819	0.3369	0.688
mayoscore5	6.360934	0.3316	0.688
mayoscore5	6.371577	0.3316	0.68
mayoscore5	6.374043	0.3262	0.68
mayoscore5	6.377015	0.3209	0.68
mayoscore5	6.383089	0.3155	0.68
mayoscore5	6.383383	0.3102	0.68
mayoscore5	6.386442	0.3048	0.68
mayoscore5	6.40023	0.3048	0.672
mayoscore5	6.405778	0.2995	0.672
mayoscore5	6.417854	0.2995	0.664
mayoscore5	6.425544	0.2941	0.664
mayoscore5	6.429018	0.2941	0.656
mayoscore5	6.430365	0.2888	0.656
mayoscore5	6.442895	0.2834	0.656
mayoscore5	6.448502	0.2781	0.656
mayoscore5	6.456132	0.2781	0.648
mayoscore5	6.463905	0.2781	0.64
mayoscore5	6.464218	0.2727	0.64
mayoscore5	6.468315	0.2674	0.64
mayoscore5	6.474052	0.262	0.64
mayoscore5	6.474154	0.2567	0.64
mayoscore5	6.475331	0.2513	0.64
mayoscore5	6.476948	0.2513	0.632
mayoscore5	6.47807	0.246	0.632
mayoscore5	6.479155	0.2406	0.632
mayoscore5	6.481811	0.2353	0.632
mayoscore5	6.489488	0.2353	0.624
mayoscore5	6.505038	0.2299	0.624
mayoscore5	6.513733	0.2246	0.624
mayoscore5	6.517858	0.2193	0.624
mayoscore5	6.539931	0.2139	0.624
mayoscore5	6.562461	0.2086	0.624
mayoscore5	6.563929	0.2032	0.624
mayoscore5	6.61476	0.2032	0.616
mayoscore5	6.617173	0.1979	0.616
mayoscore5	6.61738	0.1925	0.616
mayoscore5	6.619743	0.1872	0.616
mayoscore5	6.631369	0.1872	0.608
mayoscore5	6.643072	0.1818	0.608
mayoscore5	6.653481	0.1765	0.608
mayoscore5	6.660774	0.1711	0.608
mayoscore5	6.669597	0.1658	0.608
mayoscore5	6.681967	0.1658	0.6
mayoscore5	6.682137	0.1604	0.6
mayoscore5	6.68808	0.1604	0.592
mayoscore5	6.695529	0.1604	0.584
mayoscore5	6.701166	0.1604	0.576
mayoscore5	6.707778	0.1551	0.576
mayoscore5	6.723682	0.1497	0.576
mayoscore5	6.739258	0.1497	0.568
mayoscore5	6.744541	0.1444	0.568
mayoscore5	6.754144	0.139	0.568
mayoscore5	6.755922	0.139	0.56
mayoscore5	6.760142	0.139	0.552
mayoscore5	6.764741	0.139	0.544
mayoscore5	6.807178	0.139	0.536
mayoscore5	6.81119	0.1337	0.536
mayoscore5	6.811918	0.1337	0.528
mayoscore5	6.823914	0.1283	0.528
mayoscore5	6.828889	0.123	0.528
mayoscore5	6.834187	0.123	0.52
mayoscore5	6.868925	0.1176	0.52
mayoscore5	6.873728	0.1176	0.512
mayoscore5	6.888228	0.1176	0.504
mayoscore5	6.89379	0.1123	0.504
mayoscore5	6.902997	0.1123	0.496
mayoscore5	6.921644	0.107	0.496
mayoscore5	6.936046	0.107	0.488
mayoscore5	6.941123	0.107	0.48
mayoscore5	6.943507	0.107	0.472
mayoscore5	6.963773	0.1016	0.472
mayoscore5	6.980051	0.1016	0.464
mayoscore5	6.983609	0.1016	0.456
mayoscore5	6.988921	0.0963	0.456
mayoscore5	6.996992	0.0909	0.456
mayoscore5	7.014893	0.0856	0.456
mayoscore5	7.03475	0.0802	0.456
mayoscore5	7.05705	0.0749	0.456
mayoscore5	7.058568	0.0749	0.448
mayoscore5	7.100958	0.0695	0.448
mayoscore5	7.115488	0.0695	0.44
mayoscore5	7.124647	0.0695	0.432
mayoscore5	7.129172	0.0695	0.424
mayoscore5	7.160897	0.0642	0.424
mayoscore5	7.169462	0.0588	0.424
mayoscore5	7.177789	0.0535	0.424
mayoscore5	7.188418	0.0535	0.416
mayoscore5	7.207582	0.0535	0.408
mayoscore5	7.26212	0.0535	0.4
mayoscore5	7.268209	0.0481	0.4
mayoscore5	7.284797	0.0428	0.4
mayoscore5	7.337826	0.0428	0.392
mayoscore5	7.351974	0.0374	0.392
mayoscore5	7.405653	0.0374	0.384
mayoscore5	7.451858	0.0374	0.376
mayoscore5	7.475134	0.0374	0.368
mayoscore5	7.492485	0.0374	0.36
mayoscore5	7.504279	0.0374	0.352
mayoscore5	7.531794	0.0374	0.344
mayoscore5	7.536216	0.0374	0.336
mayoscore5	7.574826	0.0374	0.328
mayoscore5	7.603336	0.0321	0.328
mayoscore5	7.60604	0.0321	0.32
mayoscore5	7.610093	0.0321	0.312
mayoscore5	7.628843	0.0321	0.304
mayoscore5	7.629012	0.0321	0.296
mayoscore5	7.646588	0.0321	0.288
mayoscore5	7.656614	0.0321	0.28
mayoscore5	7.665206	0.0321	0.272
mayoscore5	7.680425	0.0267	0.272
mayoscore5	7.719695	0.0267	0.264
mayoscore5	7.815963	0.0267	0.256
mayoscore5	7.86639	0.0214	0.256
mayoscore5	7.912214	0.0214	0.248
mayoscore5	7.940535	0.0214	0.24
mayoscore5	7.95477	0.016	0.24
mayoscore5	7.967028	0.0107	0.24
mayoscore5	7.983204	0.0107	0.232
mayoscore5	7.989908	0.0107	0.224
mayoscore5	8.025422	0.0053	0.224
mayoscore5	8.146503	0.0053	0.216
mayoscore5	8.15163	0.0053	0.208
mayoscore5	8.15495	0.0053	0.2
mayoscore5	8.190504	0.0053	0.192
mayoscore5	8.213147	0.0053	0.184
mayoscore5	8.252523	0.0053	0.176
mayoscore5	8.264947	0.0053	0.168
mayoscore5	8.379361	0.0053	0.16
mayoscore5	8.447454	0.0053	0.152
mayoscore5	8.554801	0.0053	0.144
mayoscore5	8.665013	0.0053	0.136
mayoscore5	8.665512	0.0053	0.128
mayoscore5	8.68687	0.0053	0.12
mayoscore5	8.879639	0.0053	0.112
mayoscore5	8.883335	0.0053	0.104
mayoscore5	9.033388	0.0053	0.096
mayoscore5	9.039419	0.0053	0.088
mayoscore5	9.064206	0.0053	0.08
mayoscore5	9.254239	0	0.08
mayoscore5	9.310574	0	0.072
mayoscore5	9.422995	0	0.064
mayoscore5	9.427745	0	0.056
mayoscore5	9.487135	0	0.048
mayoscore5	9.510326	0	0.04
mayoscore5	9.567799	0	0.032
mayoscore5	10.18522	0	0.024
mayoscore5	10.47902	0	0.016
mayoscore5	10.62945	0	0.008
mayoscore5	Inf	0	0
